"State","Value"
"1","0.03536845457439883"
"2","0.0635790241718975"
"3","0.0906932187729152"
"4","0.12409146253426245"
"5","0.14082374859427382"
"6","0.13792144526118227"
"7","0.15286816712929252"
"8","0.12392933072349525"
"9","0.07473049320773602"
"10","0.05599465503054609"
