"State","Value"
"Very Low","0.004176048596205399"
"Low","0.1911629985966556"
"Medium","0.5989222652784232"
"High","0.20135842338243612"
"Very High","0.004380264146279674"
