"State","Value"
"Very Low","0.05242688400067966"
"Low","0.2720422401255943"
"Medium","0.3510618222795008"
"High","0.2720421809435376"
"Very High","0.05242687265068765"
